<?xml version="1.0" encoding="UTF-8"?>
<jcr:root xmlns:jcr="http://www.jcp.org/jcr/1.0" xmlns:cq="http://www.day.com/jcr/cq/1.0" xmlns:nt="http://www.jcp.org/jcr/nt/1.0" xmlns:sling="http://sling.apache.org/jcr/sling/1.0" jcr:primaryType="nt:unstructured" jcr:title="Page properties" sling:resourceType="cq/gui/components/authoring/dialog" helpPath="https://www.adobe.com/go/aem_cmp_image_v2">
    <content jcr:primaryType="nt:unstructured" sling:resourceType="granite/ui/components/coral/foundation/container">
        <items jcr:primaryType="nt:unstructured">
            <columns jcr:primaryType="nt:unstructured" sling:resourceType="granite/ui/components/coral/foundation/fixedcolumns" margin="{Boolean}true">
                <items jcr:primaryType="nt:unstructured">
                    <column jcr:primaryType="nt:unstructured" sling:resourceType="granite/ui/components/coral/foundation/container">
                        <items jcr:primaryType="nt:unstructured">
                            <className jcr:primaryType="nt:unstructured" sling:resourceType="granite/ui/components/coral/foundation/form/select" fieldLabel="class name for page" name="./className">
                                <items jcr:primaryType="nt:unstructured">
                                    <option0 jcr:primaryType="nt:unstructured" text="none" value="none" selected="{Boolean}true" />
                                    <option1 jcr:primaryType="nt:unstructured" text="homepage" value="homepage" />
                                    <option2 jcr:primaryType="nt:unstructured" text="edit-profile" value="edit-profile" />
                                    <option3 jcr:primaryType="nt:unstructured" text="login" value="login" />
                                </items>
                            </className>
                        </items>
                    </column>
                </items>
            </columns>
        </items>
    </content>
</jcr:root>